educ,0
0.0,0.1711026615969582
2.0,0.2091254752851711
3.0,0.13307984790874525
4.0,0.22813688212927757
5.0,0.28517110266159695
6.0,0.779467680608365
7.0,0.6844106463878328
8.0,2.4334600760456273
9.0,1.6730038022813687
10.0,2.8517110266159698
11.0,4.334600760456274
12.0,26.88212927756654
13.0,9.277566539923953
14.0,12.927756653992395
15.0,5.152091254752852
16.0,17.642585551330797
17.0,4.030418250950571
18.0,5.076045627376426
19.0,1.7110266159695817
20.0,3.5171102661596962
