tvhours,0
0.0,5.133079847908745
1.0,24.182509505703422
2.0,28.13688212927757
3.0,16.863117870722434
4.0,11.463878326996198
5.0,6.140684410646388
6.0,3.783269961977186
7.0,0.779467680608365
8.0,1.596958174904943
9.0,0.03802281368821293
10.0,0.8555133079847909
11.0,0.19011406844106463
12.0,0.4752851711026616
13.0,0.03802281368821293
14.0,0.057034220532319393
15.0,0.13307984790874525
16.0,0.019011406844106463
20.0,0.07604562737642585
24.0,0.03802281368821293
